timestamp,tweet,username
Mon Oct 29 06:54:45 +0000 2018,"Dibuka crisis center di Bandara Soekarno Hatta, Bandara Depati Amir Pangkalpinang, dan Tanjung Karawang untuk kecel‚Ä¶ https://t.co/tyKcZqhUO0",KTavisha
Mon Oct 29 06:54:45 +0000 2018,"RT @AnitaWahid: KOK TEGA SIH MUSIBAH KECELAKAAN PESAWAT DIJADIKAN KOMODITAS POLITIK? üò°üò°üò°

APA PILPRES ITU SEGALANYA BUAT KALIAN, DAN KALO G‚Ä¶",aull_udell
Mon Oct 29 06:54:44 +0000 2018,"RT @AnitaWahid: KOK TEGA SIH MUSIBAH KECELAKAAN PESAWAT DIJADIKAN KOMODITAS POLITIK? üò°üò°üò°

APA PILPRES ITU SEGALANYA BUAT KALIAN, DAN KALO G‚Ä¶",muzod
Mon Oct 29 06:54:43 +0000 2018,RT @akuratco: Menyebarkan foto-foto korban bukan pilhan yang bijak jika kamu ingin ikut menyebarkan kabar duka sebuah kecelakaan. Cukup uca‚Ä¶,deviambar12
Mon Oct 29 06:54:41 +0000 2018,RT @akuratco: Menyebarkan foto-foto korban bukan pilhan yang bijak jika kamu ingin ikut menyebarkan kabar duka sebuah kecelakaan. Cukup uca‚Ä¶,kunantaw
Mon Oct 29 06:54:41 +0000 2018,"RT @Yusrilihza_Mhd: Dukacita yang mendalam atas musibah jatuhnya Pesawat Lion Air penerbangan Jakarta - Pangkal Pinang, Bangka, pagi ini. S‚Ä¶",rustam_moslem
Mon Oct 29 06:54:40 +0000 2018,RT @akuratco: Menyebarkan foto-foto korban bukan pilhan yang bijak jika kamu ingin ikut menyebarkan kabar duka sebuah kecelakaan. Cukup uca‚Ä¶,Sarang_Wallet
Mon Oct 29 06:54:40 +0000 2018,RT @akuratco: Menyebarkan foto-foto korban bukan pilhan yang bijak jika kamu ingin ikut menyebarkan kabar duka sebuah kecelakaan. Cukup uca‚Ä¶,RendyImammuddin
Mon Oct 29 06:54:40 +0000 2018,RT @akuratco: Menyebarkan foto-foto korban bukan pilhan yang bijak jika kamu ingin ikut menyebarkan kabar duka sebuah kecelakaan. Cukup uca‚Ä¶,nabilamukhlis
Mon Oct 29 06:54:39 +0000 2018,RT @akuratco: Menyebarkan foto-foto korban bukan pilhan yang bijak jika kamu ingin ikut menyebarkan kabar duka sebuah kecelakaan. Cukup uca‚Ä¶,nrdatkh
Mon Oct 29 06:54:37 +0000 2018,RT @akuratco: Menyebarkan foto-foto korban bukan pilhan yang bijak jika kamu ingin ikut menyebarkan kabar duka sebuah kecelakaan. Cukup uca‚Ä¶,Nai_aulya
Mon Oct 29 06:54:35 +0000 2018,RT @akuratco: Menyebarkan foto-foto korban bukan pilhan yang bijak jika kamu ingin ikut menyebarkan kabar duka sebuah kecelakaan. Cukup uca‚Ä¶,BagasChrzmy
Mon Oct 29 06:54:34 +0000 2018,RT @akuratco: Menyebarkan foto-foto korban bukan pilhan yang bijak jika kamu ingin ikut menyebarkan kabar duka sebuah kecelakaan. Cukup uca‚Ä¶,M_Yuzuf96
Mon Oct 29 06:54:32 +0000 2018,RT @akuratco: Menyebarkan foto-foto korban bukan pilhan yang bijak jika kamu ingin ikut menyebarkan kabar duka sebuah kecelakaan. Cukup uca‚Ä¶,EvaGiriOktavian
Mon Oct 29 06:54:32 +0000 2018,RT @akuratco: Menyebarkan foto-foto korban bukan pilhan yang bijak jika kamu ingin ikut menyebarkan kabar duka sebuah kecelakaan. Cukup uca‚Ä¶,zntftmh
Mon Oct 29 06:54:31 +0000 2018,"RT @infoBMKG: Turut berduka cita atas musibah kecelakaan pesawat #LionAir #JT610.
Mari kita berikan doa terbaik untuk para korban, dan semo‚Ä¶",Rewindaa_
Mon Oct 29 06:54:31 +0000 2018,RT @akuratco: Menyebarkan foto-foto korban bukan pilhan yang bijak jika kamu ingin ikut menyebarkan kabar duka sebuah kecelakaan. Cukup uca‚Ä¶,winneocent
Mon Oct 29 06:54:31 +0000 2018,RT @akuratco: Menyebarkan foto-foto korban bukan pilhan yang bijak jika kamu ingin ikut menyebarkan kabar duka sebuah kecelakaan. Cukup uca‚Ä¶,anisaasj
Mon Oct 29 06:54:30 +0000 2018,RT @akuratco: Menyebarkan foto-foto korban bukan pilhan yang bijak jika kamu ingin ikut menyebarkan kabar duka sebuah kecelakaan. Cukup uca‚Ä¶,heyowassupman
Mon Oct 29 06:54:30 +0000 2018,RT @akuratco: Menyebarkan foto-foto korban bukan pilhan yang bijak jika kamu ingin ikut menyebarkan kabar duka sebuah kecelakaan. Cukup uca‚Ä¶,matrhoshyka
Mon Oct 29 06:54:29 +0000 2018,"RT @petrichoryan: Selama orang sakit obatnya masih disuruh berdoa, maka selama itu juga tiap ada bencana alam/kecelakaan maka diresepkan un‚Ä¶",ObiWan_Catnobi
Mon Oct 29 06:54:29 +0000 2018,RT @detikcom: Lion Air #JT610 jatuh. Peristiwa ini menjadi perhatian publik. Kejadian ini merupakan kecelakaan besar yang dialami Lion Air.‚Ä¶,syhfitri13
Mon Oct 29 06:54:29 +0000 2018,RT @akuratco: Menyebarkan foto-foto korban bukan pilhan yang bijak jika kamu ingin ikut menyebarkan kabar duka sebuah kecelakaan. Cukup uca‚Ä¶,putrifauziahz
Mon Oct 29 06:54:28 +0000 2018,RT @akuratco: Menyebarkan foto-foto korban bukan pilhan yang bijak jika kamu ingin ikut menyebarkan kabar duka sebuah kecelakaan. Cukup uca‚Ä¶,agstnawardahh
Mon Oct 29 06:54:28 +0000 2018,"Dibuka crisis center di Bandara Soekarno Hatta, Bandara Depati Amir Pangkalpinang, dan Tanjung Karawang untuk kecel‚Ä¶ https://t.co/HCGGt4MXq8",IlyasMjk
Mon Oct 29 06:54:28 +0000 2018,RT @akuratco: Menyebarkan foto-foto korban bukan pilhan yang bijak jika kamu ingin ikut menyebarkan kabar duka sebuah kecelakaan. Cukup uca‚Ä¶,IndraNyami
Mon Oct 29 06:54:27 +0000 2018,"RT @KompasTV: [VIDEO] Tertinggal Pesawat, Penumpang Ini Selamat dari Kecelakaan https://t.co/QjPce5N9Qs https://t.co/DeXS5xJ5N7",DenySurya99
Mon Oct 29 06:54:27 +0000 2018,RT @detikcom: Lion Air #JT610 jatuh. Peristiwa ini menjadi perhatian publik. Kejadian ini merupakan kecelakaan besar yang dialami Lion Air.‚Ä¶,hi_danti
Mon Oct 29 06:54:26 +0000 2018,RT @akuratco: Menyebarkan foto-foto korban bukan pilhan yang bijak jika kamu ingin ikut menyebarkan kabar duka sebuah kecelakaan. Cukup uca‚Ä¶,vernoniesm
Mon Oct 29 06:54:25 +0000 2018,"RT @infoBMKG: Turut berduka cita atas musibah kecelakaan pesawat #LionAir #JT610.
Mari kita berikan doa terbaik untuk para korban, dan semo‚Ä¶",wiesyaanandya
Mon Oct 29 06:54:25 +0000 2018,RT @akuratco: Menyebarkan foto-foto korban bukan pilhan yang bijak jika kamu ingin ikut menyebarkan kabar duka sebuah kecelakaan. Cukup uca‚Ä¶,waipeuwo
Mon Oct 29 06:54:23 +0000 2018,RT @akuratco: Menyebarkan foto-foto korban bukan pilhan yang bijak jika kamu ingin ikut menyebarkan kabar duka sebuah kecelakaan. Cukup uca‚Ä¶,arcadeean
Mon Oct 29 06:54:23 +0000 2018,"Dibuka crisis center di Bandara Soekarno Hatta, Bandara Depati Amir Pangkalpinang, dan Tanjung Karawang untuk kecel‚Ä¶ https://t.co/QpsH1Wo2Wn",KenAngel16
Mon Oct 29 06:54:23 +0000 2018,RT @akuratco: Menyebarkan foto-foto korban bukan pilhan yang bijak jika kamu ingin ikut menyebarkan kabar duka sebuah kecelakaan. Cukup uca‚Ä¶,cidut_
Mon Oct 29 06:54:22 +0000 2018,RT @akuratco: Menyebarkan foto-foto korban bukan pilhan yang bijak jika kamu ingin ikut menyebarkan kabar duka sebuah kecelakaan. Cukup uca‚Ä¶,lianharf
Mon Oct 29 06:54:21 +0000 2018,"RT @SurYosodipuro_: Innalillahi wa innailaihi rojiun...
Semoga korban yg wafat dlm kecelakaan ini husnul khotimah, dan keluarga yg ditingga‚Ä¶",luviku
Mon Oct 29 06:54:21 +0000 2018,RT @anangdianto: Ya tuhan setiap denger kabar kecelakaan pesawat adalah bayangan semua penumpang berpakaian rapi dan wangi. Tetapi jarak hi‚Ä¶,punyaguanlin
Mon Oct 29 06:54:21 +0000 2018,"Dibuka crisis center di Bandara Soekarno Hatta, Bandara Depati Amir Pangkalpinang, dan Tanjung Karawang untuk kecel‚Ä¶ https://t.co/WWnDuCQqwv",Luqmanoneday
Mon Oct 29 06:54:20 +0000 2018,RT @anangdianto: Ya tuhan setiap denger kabar kecelakaan pesawat adalah bayangan semua penumpang berpakaian rapi dan wangi. Tetapi jarak hi‚Ä¶,wonhoeseleraku
Mon Oct 29 06:54:20 +0000 2018,RT @akuratco: Menyebarkan foto-foto korban bukan pilhan yang bijak jika kamu ingin ikut menyebarkan kabar duka sebuah kecelakaan. Cukup uca‚Ä¶,fieraavr
Mon Oct 29 06:54:19 +0000 2018,RT @akuratco: Menyebarkan foto-foto korban bukan pilhan yang bijak jika kamu ingin ikut menyebarkan kabar duka sebuah kecelakaan. Cukup uca‚Ä¶,_miaardiani
Mon Oct 29 06:54:18 +0000 2018,RT @akuratco: Menyebarkan foto-foto korban bukan pilhan yang bijak jika kamu ingin ikut menyebarkan kabar duka sebuah kecelakaan. Cukup uca‚Ä¶,myindestructibl
Mon Oct 29 06:54:18 +0000 2018,What a terrible news. Turut berduka cita atas kecelakaan yg menimpa pesawat Lion Air JT-610 rute Jakarta ke Pangkal‚Ä¶ https://t.co/sRVzQkBq7z,shintiyadevii
Mon Oct 29 06:54:16 +0000 2018,"Tertinggal Pesawat, Penumpang Ini Selamat dari Kecelakaan https://t.co/UlD5pThWnN",Davidsepuluh
Mon Oct 29 06:54:16 +0000 2018,"RT @infoBMKG: Turut berduka cita atas musibah kecelakaan pesawat #LionAir #JT610.
Mari kita berikan doa terbaik untuk para korban, dan semo‚Ä¶",msaidramadhan
Mon Oct 29 06:54:14 +0000 2018,"Dibuka crisis center di Bandara Soekarno Hatta, Bandara Depati Amir Pangkalpinang, dan Tanjung Karawang untuk kecel‚Ä¶ https://t.co/4QwPhqxXS5",TangoTequila6
Mon Oct 29 06:54:13 +0000 2018,"Dibuka crisis center di Bandara Soekarno Hatta, Bandara Depati Amir Pangkalpinang, dan Tanjung Karawang untuk kecel‚Ä¶ https://t.co/gfE3XxHYki",ArfinMaldini
Mon Oct 29 06:54:12 +0000 2018,"Media luar kalo ada kecelakaan : cari tahu penyebab teknisnya, jumlah korban dll

Detikcom : cari instagram korban,‚Ä¶ https://t.co/mcsTlvqUzI",erickmanurung
Mon Oct 29 06:54:11 +0000 2018,RT @akuratco: Menyebarkan foto-foto korban bukan pilhan yang bijak jika kamu ingin ikut menyebarkan kabar duka sebuah kecelakaan. Cukup uca‚Ä¶,harsono_afen
Mon Oct 29 06:54:11 +0000 2018,RT @bappedajabar: Turut berduka cita atas musibah kecelakaan pesawat Lion Air JT610 rute Jakarta-Pangkal Pinang yg jatuh di perairan Tanjun‚Ä¶,bp2djabar
Mon Oct 29 06:54:10 +0000 2018,RT @akuratco: Menyebarkan foto-foto korban bukan pilhan yang bijak jika kamu ingin ikut menyebarkan kabar duka sebuah kecelakaan. Cukup uca‚Ä¶,yotam_Cchristm
Mon Oct 29 06:54:09 +0000 2018,"RT @ArifPut80504395: Dibuka crisis center di Bandara Soekarno Hatta, Bandara Depati Amir Pangkalpinang, dan Tanjung Karawang untuk kecelaka‚Ä¶",wulaidaz
Mon Oct 29 06:54:09 +0000 2018,"@PBB2019 Turut belasungkawa atas korban kecelakaan pesawat LionAir, Vivian Afifah, puteri Ibu Neuis Caleg DPRRI PAR‚Ä¶ https://t.co/CBtX4jNnPX",ZakyRobyCahyad1
Mon Oct 29 06:54:08 +0000 2018,RT @akuratco: Menyebarkan foto-foto korban bukan pilhan yang bijak jika kamu ingin ikut menyebarkan kabar duka sebuah kecelakaan. Cukup uca‚Ä¶,vicksbr
Mon Oct 29 06:54:08 +0000 2018,"RT @Yusrilihza_Mhd: Dukacita yang mendalam atas musibah jatuhnya Pesawat Lion Air penerbangan Jakarta - Pangkal Pinang, Bangka, pagi ini. S‚Ä¶",ar13zk4
Mon Oct 29 06:54:06 +0000 2018,RT @akuratco: Menyebarkan foto-foto korban bukan pilhan yang bijak jika kamu ingin ikut menyebarkan kabar duka sebuah kecelakaan. Cukup uca‚Ä¶,asafiraputri
Mon Oct 29 06:54:06 +0000 2018,"RT @infoBMKG: Turut berduka cita atas musibah kecelakaan pesawat #LionAir #JT610.
Mari kita berikan doa terbaik untuk para korban, dan semo‚Ä¶",prillyeee
Mon Oct 29 06:54:04 +0000 2018,Sebenarnya seberapa mungkin sih seseorang bisa selamat dari kecelakaan pesawat? Ada beberapa riset terkait hal ini. https://t.co/5MCaBK0Qie,kumparan
Mon Oct 29 06:54:04 +0000 2018,"Dibuka crisis center di Bandara Soekarno Hatta, Bandara Depati Amir Pangkalpinang, dan Tanjung Karawang untuk kecel‚Ä¶ https://t.co/cXATQyYrAh",AndriantoBobby
Mon Oct 29 06:54:04 +0000 2018,RT @akuratco: Menyebarkan foto-foto korban bukan pilhan yang bijak jika kamu ingin ikut menyebarkan kabar duka sebuah kecelakaan. Cukup uca‚Ä¶,pibsmoqz
Mon Oct 29 06:54:04 +0000 2018,RT @akuratco: Menyebarkan foto-foto korban bukan pilhan yang bijak jika kamu ingin ikut menyebarkan kabar duka sebuah kecelakaan. Cukup uca‚Ä¶,erlistagita
Mon Oct 29 06:54:04 +0000 2018,"RT @infoBMKG: Turut berduka cita atas musibah kecelakaan pesawat #LionAir #JT610.
Mari kita berikan doa terbaik untuk para korban, dan semo‚Ä¶",Adhiyadlr
Mon Oct 29 06:54:03 +0000 2018,RT @akuratco: Menyebarkan foto-foto korban bukan pilhan yang bijak jika kamu ingin ikut menyebarkan kabar duka sebuah kecelakaan. Cukup uca‚Ä¶,KyungsooRekha
Mon Oct 29 06:54:03 +0000 2018,RT @akuratco: Menyebarkan foto-foto korban bukan pilhan yang bijak jika kamu ingin ikut menyebarkan kabar duka sebuah kecelakaan. Cukup uca‚Ä¶,fauzanim
Mon Oct 29 06:54:02 +0000 2018,"RT @sandiuno: Turut berduka atas jatuhnya pesawat Lion Air JT-610, Jakarta menuju Pangkal Pinang. Mari kita kirimkan doa untuk para korban‚Ä¶",LeaAccu
Mon Oct 29 06:54:00 +0000 2018,RT @akuratco: Menyebarkan foto-foto korban bukan pilhan yang bijak jika kamu ingin ikut menyebarkan kabar duka sebuah kecelakaan. Cukup uca‚Ä¶,yarinajesih
Mon Oct 29 06:54:00 +0000 2018,RT @anangdianto: Ya tuhan setiap denger kabar kecelakaan pesawat adalah bayangan semua penumpang berpakaian rapi dan wangi. Tetapi jarak hi‚Ä¶,majesticgyu
Mon Oct 29 06:53:59 +0000 2018,RT @SPARTANx1976: Kami juga segenap keluarga @SPARTANx1976  mengucapkan turut berduka cita atas kecelakaan yang menimpa pesawat Lion air JT‚Ä¶,M_IrvanHN
Mon Oct 29 06:53:58 +0000 2018,"RT @Yusrilihza_Mhd: Dukacita yang mendalam atas musibah jatuhnya Pesawat Lion Air penerbangan Jakarta - Pangkal Pinang, Bangka, pagi ini. S‚Ä¶",IbnuSholh
Mon Oct 29 06:53:54 +0000 2018,RT @akuratco: Menyebarkan foto-foto korban bukan pilhan yang bijak jika kamu ingin ikut menyebarkan kabar duka sebuah kecelakaan. Cukup uca‚Ä¶,urfckngurl
Mon Oct 29 06:53:53 +0000 2018,RT @akuratco: Menyebarkan foto-foto korban bukan pilhan yang bijak jika kamu ingin ikut menyebarkan kabar duka sebuah kecelakaan. Cukup uca‚Ä¶,FauzaanAtmaja
Mon Oct 29 06:53:52 +0000 2018,RT @akuratco: Menyebarkan foto-foto korban bukan pilhan yang bijak jika kamu ingin ikut menyebarkan kabar duka sebuah kecelakaan. Cukup uca‚Ä¶,shipwreckedeva
Mon Oct 29 06:53:51 +0000 2018,RT @akuratco: Menyebarkan foto-foto korban bukan pilhan yang bijak jika kamu ingin ikut menyebarkan kabar duka sebuah kecelakaan. Cukup uca‚Ä¶,Winkdeepnoona
Mon Oct 29 06:53:51 +0000 2018,RT @akuratco: Menyebarkan foto-foto korban bukan pilhan yang bijak jika kamu ingin ikut menyebarkan kabar duka sebuah kecelakaan. Cukup uca‚Ä¶,cannotihave
Mon Oct 29 06:53:51 +0000 2018,RT @anangdianto: Ya tuhan setiap denger kabar kecelakaan pesawat adalah bayangan semua penumpang berpakaian rapi dan wangi. Tetapi jarak hi‚Ä¶,chrryjae
Mon Oct 29 06:53:49 +0000 2018,RT @anangdianto: Ya tuhan setiap denger kabar kecelakaan pesawat adalah bayangan semua penumpang berpakaian rapi dan wangi. Tetapi jarak hi‚Ä¶,Annisacindy_f
Mon Oct 29 06:53:48 +0000 2018,RT @akuratco: Menyebarkan foto-foto korban bukan pilhan yang bijak jika kamu ingin ikut menyebarkan kabar duka sebuah kecelakaan. Cukup uca‚Ä¶,Inta1212
Mon Oct 29 06:53:48 +0000 2018,RT @akuratco: Menyebarkan foto-foto korban bukan pilhan yang bijak jika kamu ingin ikut menyebarkan kabar duka sebuah kecelakaan. Cukup uca‚Ä¶,aiiayii
Mon Oct 29 06:53:48 +0000 2018,RT @akuratco: Menyebarkan foto-foto korban bukan pilhan yang bijak jika kamu ingin ikut menyebarkan kabar duka sebuah kecelakaan. Cukup uca‚Ä¶,verinaapriani
Mon Oct 29 06:53:47 +0000 2018,RT @akuratco: Menyebarkan foto-foto korban bukan pilhan yang bijak jika kamu ingin ikut menyebarkan kabar duka sebuah kecelakaan. Cukup uca‚Ä¶,tatapw
Mon Oct 29 06:53:47 +0000 2018,Turut berduka untuk semua mangsa dalam kecelakaan Lion Air #JT610 Jakarta - Pangkal Pinang. Semoga mereka semua diterima disisi Tuhan.,Areloghy
Mon Oct 29 06:53:46 +0000 2018,"#Repost @gendhis_cokelat_indonesia (@get_repost)
„Éª„Éª„Éª
Turut berduka atas kecelakaan pesawat LionAir hari ini mari ki‚Ä¶ https://t.co/8rRXL23WMg",hendartorizky
Mon Oct 29 06:53:46 +0000 2018,RT @anangdianto: Ya tuhan setiap denger kabar kecelakaan pesawat adalah bayangan semua penumpang berpakaian rapi dan wangi. Tetapi jarak hi‚Ä¶,sun4heart_
Mon Oct 29 06:53:44 +0000 2018,RT @akuratco: Menyebarkan foto-foto korban bukan pilhan yang bijak jika kamu ingin ikut menyebarkan kabar duka sebuah kecelakaan. Cukup uca‚Ä¶,dhimazpph
Mon Oct 29 06:53:41 +0000 2018,"Semoga segera ada titik terang perihal kecelakaan pesawat #JT610 üôè
Semoga semua kru pesawat dan penumpang segera di ketemukan üôè",CallmeSha_
Mon Oct 29 06:53:41 +0000 2018,RT @akuratco: Menyebarkan foto-foto korban bukan pilhan yang bijak jika kamu ingin ikut menyebarkan kabar duka sebuah kecelakaan. Cukup uca‚Ä¶,_Mhdyasan
Mon Oct 29 06:53:40 +0000 2018,RT @anangdianto: Ya tuhan setiap denger kabar kecelakaan pesawat adalah bayangan semua penumpang berpakaian rapi dan wangi. Tetapi jarak hi‚Ä¶,_kareneu
Mon Oct 29 06:53:40 +0000 2018,RT @akuratco: Menyebarkan foto-foto korban bukan pilhan yang bijak jika kamu ingin ikut menyebarkan kabar duka sebuah kecelakaan. Cukup uca‚Ä¶,FhitryAhsan
Mon Oct 29 06:53:39 +0000 2018,"Dibuka crisis center di Bandara Soekarno Hatta, Bandara Depati Amir Pangkalpinang, dan Tanjung Karawang untuk kecel‚Ä¶ https://t.co/kx6o2MMKLC",SPriaji
Mon Oct 29 06:53:39 +0000 2018,"RT @infoBMKG: Turut berduka cita atas musibah kecelakaan pesawat #LionAir #JT610.
Mari kita berikan doa terbaik untuk para korban, dan semo‚Ä¶",ryantomb
Mon Oct 29 06:53:39 +0000 2018,RT @akuratco: Menyebarkan foto-foto korban bukan pilhan yang bijak jika kamu ingin ikut menyebarkan kabar duka sebuah kecelakaan. Cukup uca‚Ä¶,m21dnii
Mon Oct 29 06:53:35 +0000 2018,RT @akuratco: Menyebarkan foto-foto korban bukan pilhan yang bijak jika kamu ingin ikut menyebarkan kabar duka sebuah kecelakaan. Cukup uca‚Ä¶,AmiiBR
Mon Oct 29 06:53:32 +0000 2018,RT @akuratco: Menyebarkan foto-foto korban bukan pilhan yang bijak jika kamu ingin ikut menyebarkan kabar duka sebuah kecelakaan. Cukup uca‚Ä¶,aeriszen
Mon Oct 29 06:53:32 +0000 2018,"Dibuka crisis center di Bandara Soekarno Hatta, Bandara Depati Amir Pangkalpinang, dan Tanjung Karawang untuk kecel‚Ä¶ https://t.co/T12iXBxNg5",31Keceng
Mon Oct 29 06:53:32 +0000 2018,RT @anangdianto: Ya tuhan setiap denger kabar kecelakaan pesawat adalah bayangan semua penumpang berpakaian rapi dan wangi. Tetapi jarak hi‚Ä¶,A_S_Kartika
Mon Oct 29 06:53:31 +0000 2018,RT @panditfootball: Leicester City konfirmasi bahwa ada 5 korban meninggal dalam kecelakaan helikopter dekat stadion pasca melawan West Ham‚Ä¶,DzkrN
Mon Oct 29 06:53:31 +0000 2018,RT @akuratco: Menyebarkan foto-foto korban bukan pilhan yang bijak jika kamu ingin ikut menyebarkan kabar duka sebuah kecelakaan. Cukup uca‚Ä¶,CutSherin
Mon Oct 29 06:53:30 +0000 2018,"Turut belasungkawa atas korban kecelakaan pesawat LionAir, Vivian Afifah, puteri Ibu Neuis Caleg DPRRI PARTAI BULAN‚Ä¶ https://t.co/FqGuPFzPAS",ZakyRobyCahyad1
Mon Oct 29 06:53:29 +0000 2018,"RT @infoBMKG: Turut berduka cita atas musibah kecelakaan pesawat #LionAir #JT610.
Mari kita berikan doa terbaik untuk para korban, dan semo‚Ä¶",taesthethick_V
Mon Oct 29 06:53:29 +0000 2018,RT @akuratco: Menyebarkan foto-foto korban bukan pilhan yang bijak jika kamu ingin ikut menyebarkan kabar duka sebuah kecelakaan. Cukup uca‚Ä¶,kangenten
